Date,Open,High,Low,Close,Volume
2022-01-03 03:00:00,18.6849,19.2498,18.6143,18.985,32852900
2022-01-04 03:00:00,19.0821,19.5763,18.9144,19.5234,43948600
2022-01-05 03:00:00,19.4969,19.6117,19.0026,19.1527,31642900
2022-01-06 03:00:00,19.0997,19.6293,18.9938,19.541,35855900
2022-01-07 03:00:00,19.4969,19.9912,19.3116,19.9735,42886300
2022-01-10 03:00:00,19.9206,20.1942,19.6911,20.1589,41593900
2022-01-11 03:00:00,20.1147,20.609,20.0353,20.609,55923800
2022-01-12 03:00:00,20.5296,20.7414,20.2383,20.5207,41687000
2022-01-13 03:00:00,20.3795,21.0238,20.3442,20.9003,43414600
2022-01-14 03:00:00,20.8032,21.0503,20.662,20.7414,29923100
2022-01-17 03:00:00,20.7061,20.962,20.4325,20.7414,17607200
2022-01-18 03:00:00,20.6443,21.1474,20.5384,20.865,43591400
2022-01-19 03:00:00,21.0238,21.2533,20.6531,20.7237,30925300
2022-01-20 03:00:00,20.7767,20.8914,20.459,20.556,25941700
2022-01-21 03:00:00,20.459,20.8738,20.406,20.5649,38004300
2022-01-24 03:00:00,20.609,20.7855,20.1853,20.5384,39648100
2022-01-25 03:00:00,20.353,21.3151,20.3001,21.2798,39351600
2022-01-26 03:00:00,21.474,21.624,21.015,21.5093,55882300
2022-01-27 03:00:00,21.6152,21.9947,21.3592,21.5887,41544700
2022-01-28 03:00:00,21.3239,21.8976,21.2974,21.88,29444700
2022-01-31 03:00:00,21.7741,22.5154,21.6417,22.3566,44244800
2022-02-01 03:00:00,22.3213,22.6743,22.2242,22.4978,28772200
2022-02-02 03:00:00,22.4801,22.5154,21.9947,22.1447,34506100
2022-02-03 03:00:00,22.2418,22.5331,21.8094,22.4007,41713800
2022-02-04 03:00:00,22.2771,22.7361,22.2418,22.4713,34593900
2022-02-07 03:00:00,22.4625,22.5508,22.2683,22.3478,23095300
2022-02-08 03:00:00,22.3124,22.7008,22.0918,22.5949,37333900
2022-02-09 03:00:00,22.0212,22.4272,21.6858,21.6946,89075400
2022-02-10 03:00:00,21.6681,22.3389,21.5887,22.1094,60312100
2022-02-11 03:00:00,23.2568,23.8305,23.098,23.4157,160669900
2022-02-14 03:00:00,23.4775,23.5569,23.1862,23.3628,37990400
2022-02-15 03:00:00,23.654,23.7423,23.3892,23.5834,29422800
2022-02-16 03:00:00,23.6364,23.7158,23.2833,23.3363,39195100
2022-02-17 03:00:00,23.301,23.3716,22.9126,23.0097,33710600
2022-02-18 03:00:00,23.1421,23.4334,23.0009,23.098,26904300
2022-02-21 03:00:00,23.1509,23.1951,22.2683,22.5331,22419500
2022-02-22 03:00:00,22.7273,23.0715,22.4978,22.7273,30290000
2022-02-23 03:00:00,22.7449,23.0185,22.3566,22.4095,22512000
2022-02-24 03:00:00,21.8447,22.1801,21.4828,22.03,44033200
2022-02-25 03:00:00,21.9506,22.5066,21.8976,22.4801,38897100
2022-03-02 03:00:00,22.2154,22.4272,21.9859,22.0918,32470700
2022-03-03 03:00:00,22.1006,22.8155,21.8005,22.1094,44542900
2022-03-04 03:00:00,22.1271,22.1801,21.4298,21.7741,30335300
2022-03-07 03:00:00,21.421,21.5799,21.2004,21.3063,52861500
2022-03-08 03:00:00,21.3857,21.5887,20.9974,21.1033,43482500
2022-03-09 03:00:00,21.3681,22.3389,21.3239,22.1536,51596800
2022-03-10 03:00:00,21.8358,22.1712,21.6064,22.1712,29614400
2022-03-11 03:00:00,22.2683,22.5861,21.8711,21.9241,42938400
2022-03-14 03:00:00,22.083,22.5419,22.0741,22.233,32010100
2022-03-15 03:00:00,22.1624,22.4537,21.8005,22.1536,36823300
2022-03-16 03:00:00,22.3742,22.6478,22.1889,22.5861,40371600
2022-03-17 03:00:00,22.6302,23.1156,22.4713,23.0803,43343500
2022-03-18 03:00:00,23.0274,23.4775,23.0097,23.248,66052500
2022-03-21 03:00:00,23.3363,23.91,23.2657,23.8217,35962600
2022-03-22 03:00:00,24.0071,24.2983,23.9188,24.1483,36841300
2022-03-23 03:00:00,24.1748,24.3954,23.9806,24.0424,27002700
2022-03-24 03:00:00,24.1218,24.4748,24.0335,24.2012,47516300
2022-03-25 03:00:00,24.2895,24.2895,23.9453,24.2454,32076700
2022-03-28 03:00:00,24.3072,24.4572,23.9365,24.2277,21545700
2022-03-29 03:00:00,24.4572,24.7838,24.1748,24.5102,29866600
2022-03-30 03:00:00,24.5719,24.6778,24.2895,24.5631,32984400
2022-03-31 03:00:00,24.6072,24.7132,24.0865,24.2542,40900900
2022-04-01 03:00:00,24.4484,24.6072,24.1218,24.3072,40154500
2022-04-04 03:00:00,24.2277,24.2807,23.8482,24.0865,25127700
2022-04-05 03:00:00,24.0335,24.0688,23.4951,23.6011,36756100
2022-04-06 03:00:00,23.451,23.7511,23.3539,23.5922,33712300
2022-04-07 03:00:00,23.3981,23.6187,23.3098,23.5746,23594000
2022-04-08 03:00:00,23.4422,23.7423,23.3098,23.5304,26169900
2022-04-11 03:00:00,23.4775,23.5922,23.3363,23.4422,27257100
2022-04-12 03:00:00,23.654,23.7423,22.9568,23.0274,29830700
2022-04-13 03:00:00,23.1951,23.4245,22.9214,23.0891,33866300
2022-04-14 03:00:00,23.0097,23.3628,22.9568,23.2392,23626400
2022-04-18 03:00:00,23.1598,23.4422,23.1333,23.3716,21008600
2022-04-19 03:00:00,23.4069,23.4863,22.7273,22.9568,34452800
2022-04-20 03:00:00,22.9656,23.1686,22.8244,23.1068,25141300
2022-04-22 03:00:00,22.8597,22.9656,22.4713,22.6567,30691800
2022-04-25 03:00:00,22.5066,22.639,22.1447,22.5684,37319000
2022-04-26 03:00:00,22.2948,22.5066,21.7564,21.8005,42222700
2022-04-27 03:00:00,22.0565,22.1536,21.5357,21.624,24438200
2022-04-28 03:00:00,21.6328,21.7034,21.2357,21.4475,36337300
2022-04-29 03:00:00,21.5887,22.0212,21.068,21.068,44972900
2022-05-02 03:00:00,21.068,21.2533,20.6884,20.962,39307400
2022-05-03 03:00:00,21.0062,21.3239,20.9003,21.068,26213300
2022-05-04 03:00:00,20.9709,21.0415,20.6531,21.0415,47436400
2022-05-05 03:00:00,20.8208,20.8208,20.2118,20.556,40419500
2022-05-06 03:00:00,20.5472,21.3769,20.5384,20.9974,60450700
2022-05-09 03:00:00,20.9532,21.0944,20.3089,20.6973,56329300
2022-05-10 03:00:00,20.8208,20.9532,20.4501,20.5913,35596800
2022-05-11 03:00:00,20.6355,21.3769,20.6267,21.2798,56707700
2022-05-12 03:00:00,21.1209,21.7741,21.1209,21.6152,54505100
2022-05-13 03:00:00,21.7917,21.9947,21.624,21.8711,26232500
2022-05-16 03:00:00,21.9329,22.3389,21.7299,22.1006,27307700
2022-05-17 03:00:00,22.3831,22.6125,22.2507,22.2948,27319700
2022-05-18 03:00:00,22.2242,22.3919,21.9241,21.9771,38034400
2022-05-19 03:00:00,21.9947,22.1801,21.7917,21.9064,22627000
2022-05-20 03:00:00,22.1447,22.2683,21.9329,22.1801,38791500
2022-05-23 03:00:00,22.3213,22.9479,22.3124,22.7538,38506300
2022-05-24 03:00:00,22.6655,23.2127,22.5508,23.098,39253600
2022-05-25 03:00:00,22.9921,23.0627,22.6478,22.6831,29016900
2022-05-26 03:00:00,22.7096,23.098,22.7008,22.9656,35188200
2022-05-27 03:00:00,23.0009,23.3186,22.8332,23.0891,24250300
2022-05-30 03:00:00,23.1862,23.3363,22.8773,22.8773,17951900
2022-05-31 03:00:00,23.1244,23.301,22.9656,23.0891,66207900
2022-06-01 03:00:00,23.2039,23.2304,22.7538,22.7538,28494800
2022-06-02 03:00:00,22.9656,23.0185,22.4978,22.8508,17934600
2022-06-03 03:00:00,22.7273,22.9126,22.5772,22.639,19988900
2022-06-06 03:00:00,22.8155,22.9303,22.5596,22.5596,13328000
2022-06-07 03:00:00,22.4801,22.6743,22.3919,22.5596,21003200
2022-06-08 03:00:00,22.4625,22.5772,22.0035,22.1271,29201700
2022-06-09 03:00:00,22.1183,22.1712,21.6417,21.7476,38322400
2022-06-10 03:00:00,21.6593,21.6593,21.0591,21.271,35480100
2022-06-13 03:00:00,21.1827,21.2974,20.6796,21.015,33544200
2022-06-14 03:00:00,21.0238,21.1297,20.7061,20.8738,19980200
2022-06-15 03:00:00,21.1121,21.3151,20.8385,20.962,42575800
2022-06-17 03:00:00,20.6002,20.812,20.2295,20.6973,45458600
2022-06-20 03:00:00,20.812,21.6328,20.812,21.5975,44489700
2022-06-21 03:00:00,21.677,21.7564,21.2621,21.3681,33166000
2022-06-22 03:00:00,21.421,21.4651,21.0238,21.2092,36820800
2022-06-23 03:00:00,21.2357,21.2974,20.6178,20.7237,27097300
2022-06-24 03:00:00,20.9091,20.9444,20.5649,20.6884,26543500
2022-06-27 03:00:00,20.7679,20.8914,20.6796,20.812,23202900
2022-06-28 03:00:00,20.9444,21.0415,20.3177,20.5825,34760000
2022-06-29 03:00:00,20.7149,20.9003,20.3001,20.3707,30692300
2022-06-30 03:00:00,20.1412,20.1942,19.8853,20.0088,36506900
2022-07-01 03:00:00,19.6999,20.2736,19.6293,20.1677,34834600
2022-07-04 03:00:00,20.0088,20.1236,19.8676,19.9735,8754100
2022-07-05 03:00:00,19.8588,20.1147,19.6028,20.1147,28623500
2022-07-06 03:00:00,19.9559,20.1853,19.7264,19.9294,28122900
2022-07-07 03:00:00,20.1147,20.3442,20.053,20.2118,40402500
2022-07-08 03:00:00,20.5031,20.5296,20.1059,20.2207,22090600
2022-07-11 03:00:00,19.9382,20.0441,19.7087,19.8941,16545500
2022-07-12 03:00:00,19.8853,20.0441,19.5146,19.85,19713600
2022-07-13 03:00:00,19.7529,20.0706,19.6734,19.7705,33899300
2022-07-14 03:00:00,19.6117,19.6823,19.0997,19.5499,48379200
2022-07-15 03:00:00,19.594,20.0353,19.4351,19.9029,31122300
2022-07-18 03:00:00,20.0177,20.3001,19.8411,20.1677,20592400
2022-07-19 03:00:00,20.15,20.9797,20.15,20.8473,34974100
2022-07-20 03:00:00,20.7414,20.8826,20.5119,20.5825,29642300
2022-07-21 03:00:00,20.5472,20.8561,20.256,20.7502,21671100
2022-07-22 03:00:00,20.8297,20.9179,20.3795,20.5296,22584600
2022-07-25 03:00:00,20.6531,20.9709,20.4678,20.8297,32174800
2022-07-26 03:00:00,20.8561,21.0944,20.5825,20.7149,21699100
2022-07-27 03:00:00,20.8473,21.0062,20.6531,20.7855,24062500
2022-07-28 03:00:00,20.7855,20.9444,20.556,20.9179,23629900
2022-07-29 03:00:00,20.9532,21.165,20.7149,20.8473,29583800
2022-08-01 03:00:00,21.0503,21.0503,20.5119,20.7149,25039300
2022-08-02 03:00:00,20.8561,21.0415,20.6355,20.9356,21401200
2022-08-03 03:00:00,20.9179,21.1297,20.7767,21.0856,20046500
2022-08-04 03:00:00,21.2268,21.6858,21.1562,21.5975,33908800
2022-08-05 03:00:00,21.6152,22.1801,21.3857,22.0035,56500800
2022-08-08 03:00:00,22.1359,22.3213,21.8711,22.2771,40938100
2022-08-09 03:00:00,22.9832,23.1951,22.3213,22.8597,103830600
2022-08-10 03:00:00,23.0891,23.3892,22.8597,23.2833,48570000
2022-08-11 03:00:00,23.504,23.6364,23.2392,23.3186,40492400
2022-08-12 03:00:00,23.4687,23.6452,23.2745,23.6011,38089200
2022-08-15 03:00:00,23.248,23.9276,23.248,23.8041,36567300
2022-08-16 03:00:00,23.7776,24.1395,23.504,24.0424,25689300
2022-08-17 03:00:00,23.9011,24.2542,23.8305,24.1395,25236800
2022-08-18 03:00:00,24.1659,24.2895,23.9276,24.0688,32701700
2022-08-19 03:00:00,23.654,23.7423,23.2745,23.5128,23072400
2022-08-22 03:00:00,23.301,23.3363,23.0185,23.248,22057800
2022-08-23 03:00:00,23.2568,23.4334,23.1951,23.3098,14726400
2022-08-24 03:00:00,23.2568,23.5216,23.2568,23.4069,20211000
2022-08-25 03:00:00,23.4863,23.7158,23.4157,23.6981,27574800
2022-08-26 03:00:00,23.7423,23.9541,23.4422,23.5569,25106400
2022-08-29 03:00:00,23.4245,23.6364,23.2304,23.4775,18774300
2022-08-30 03:00:00,23.5746,23.7423,23.2921,23.3716,30392100
2022-08-31 03:00:00,23.5304,23.5304,22.7802,22.7802,49870100
2022-09-01 03:00:00,23.0009,23.1333,22.5419,23.1156,48533300
2022-09-02 03:00:00,23.2568,23.6187,23.2392,23.4334,46714900
2022-09-05 03:00:00,23.5128,24.0335,23.4775,23.8129,24748200
2022-09-06 03:00:00,23.5658,23.8482,23.4334,23.5922,53122400
2022-09-08 03:00:00,23.7423,23.8305,23.3804,23.4245,28446400
2022-09-09 03:00:00,23.5658,23.8658,23.4951,23.6099,24457700
2022-09-12 03:00:00,23.8305,24.113,23.7158,23.8923,26737400
2022-09-13 03:00:00,23.7246,23.9806,23.5658,23.654,32491400
2022-09-14 03:00:00,23.6011,23.7335,23.3628,23.5658,28981600
2022-09-15 03:00:00,23.504,23.9276,23.4863,23.6275,21983800
2022-09-16 03:00:00,23.4775,23.7158,23.3539,23.5481,43782100
2022-09-19 03:00:00,23.4863,24.5366,23.4598,24.4307,41063200
2022-09-20 03:00:00,24.5543,25.2957,24.5102,25.2427,62939000
2022-09-21 03:00:00,25.2427,25.3133,24.872,24.9779,48098500
2022-09-22 03:00:00,25.2339,25.5958,24.9868,25.481,43580500
2022-09-23 03:00:00,25.0662,25.1986,24.6955,24.9779,34272200
2022-09-26 03:00:00,24.8279,24.872,24.3689,24.5278,30965500
2022-09-27 03:00:00,24.6955,24.7043,24.1748,24.2983,38743700
2022-09-28 03:00:00,24.3425,24.7132,24.1041,24.2895,41958700
2022-09-29 03:00:00,24.2365,24.8102,24.1483,24.6514,51945000
2022-09-30 03:00:00,24.5455,24.8367,24.4572,24.7661,33849100
2022-10-03 03:00:00,25.4104,26.2842,25.1545,26.2577,71343104
2022-10-04 03:00:00,26.4519,26.6637,25.9488,26.3019,43779200
2022-10-05 03:00:00,26.3636,26.549,26.1783,26.3019,30340200
2022-10-06 03:00:00,26.3901,26.4254,25.7193,25.8252,48860300
2022-10-07 03:00:00,25.7723,25.8782,25.2869,25.8782,56055700
2022-10-10 03:00:00,26.0194,26.0724,25.4104,25.6046,48372400
2022-10-11 03:00:00,25.5075,25.7282,25.3486,25.4281,32203000
2022-10-13 03:00:00,25.1545,25.5693,25.0221,25.278,37182200
2022-10-14 03:00:00,25.3751,25.7458,25.1192,25.2869,40153900
2022-10-17 03:00:00,25.5428,25.684,25.331,25.4899,20382900
2022-10-18 03:00:00,25.8605,26.1165,25.6399,26.1165,46201600
2022-10-19 03:00:00,26.09,26.2665,25.8694,26.1253,28369700
2022-10-20 03:00:00,26.3019,26.699,26.143,26.5313,68491200
2022-10-21 03:00:00,26.4166,27.6081,26.3195,27.4139,49256900
2022-10-24 03:00:00,27.1933,27.2639,25.9841,26.1695,50976400
2022-10-25 03:00:00,26.1695,26.2754,25.9576,25.9576,26049300
2022-10-26 03:00:00,25.5958,25.887,25.3133,25.4016,48619400
2022-10-27 03:00:00,25.6929,26.1518,25.5163,25.8694,39594200
2022-10-28 03:00:00,25.7811,26.1695,25.684,26.0724,28616800
2022-10-31 03:00:00,25.5958,26.9815,25.5516,26.8314,83759400
2022-11-01 03:00:00,27.361,27.6169,26.549,26.8844,41916800
2022-11-03 03:00:00,26.4784,26.7785,26.0282,26.6902,32523700
2022-11-04 03:00:00,27.0874,27.2992,26.699,26.7873,31342500
2022-11-07 03:00:00,26.5402,26.7608,25.9488,26.1783,46492800
2022-11-08 03:00:00,25.9929,26.1783,25.7723,26.0989,27943300
2022-11-09 03:00:00,25.2957,25.6575,24.5808,24.8455,129923504
2022-11-10 03:00:00,24.1483,24.669,23.7952,24.3778,87471800
2022-11-11 03:00:00,24.7132,24.8897,23.4863,23.5922,98303200
2022-11-14 03:00:00,23.8747,24.0953,23.301,23.5216,52205500
2022-11-16 03:00:00,23.5216,23.5569,22.9568,23.1862,44766100
2022-11-17 03:00:00,22.8597,23.3363,22.7714,23.3275,68496800
2022-11-18 03:00:00,23.5569,23.9629,23.2921,23.5128,49451800
2022-11-21 03:00:00,23.8305,23.9541,23.2657,23.5834,38823200
2022-11-22 03:00:00,23.654,23.7864,23.0274,23.1951,56519200
2022-11-23 03:00:00,23.0274,23.1421,22.8155,22.9568,49080300
2022-11-24 03:00:00,23.1244,23.9541,23.045,23.7776,27234100
2022-11-25 03:00:00,23.6364,23.6717,22.8508,22.9391,40676200
2022-11-28 03:00:00,23.0362,23.1333,22.4978,22.5243,40454600
2022-11-29 03:00:00,22.5419,23.045,21.9947,22.7184,68083200
2022-11-30 03:00:00,22.7714,22.9832,22.4448,22.9479,52971900
2022-12-01 03:00:00,22.6037,23.0362,22.5861,22.9303,44246200
2022-12-02 03:00:00,23.0097,23.5216,22.5772,23.2392,55744500
2022-12-05 03:00:00,23.0715,23.0715,22.4537,22.5596,33031300
2022-12-06 03:00:00,22.7008,23.0803,22.5596,23.0803,47223700
2022-12-07 03:00:00,23.1421,23.2392,22.8508,22.9126,22275700
2022-12-08 03:00:00,22.7714,22.8155,21.9771,22.1094,61550000
2022-12-09 03:00:00,21.7829,21.9064,21.4122,21.474,19871200
2022-12-12 03:00:00,21.4651,21.624,20.9091,21.271,89538200
2022-12-13 03:00:00,21.4034,21.4828,20.406,20.4678,56097000
2022-12-14 03:00:00,20.2207,20.8032,19.9647,20.556,67871200
2022-12-15 03:00:00,20.3354,21.1121,20.1677,20.6708,49336900
2022-12-16 03:00:00,20.759,21.0503,20.6443,20.9003,57435800
2022-12-19 03:00:00,20.9974,21.6064,20.8738,21.5269,48477100
2022-12-20 03:00:00,21.5269,22.233,21.4387,21.7564,39397100
2022-12-21 03:00:00,21.8358,22.0653,21.5622,21.8447,61655500
2022-12-22 03:00:00,21.88,22.1536,21.5975,21.8888,22334800
2022-12-23 03:00:00,22.0918,22.5243,21.9506,22.233,25327300
2022-12-26 03:00:00,22.0212,22.2242,21.6681,21.7917,15730800
2022-12-27 03:00:00,21.7652,21.827,21.421,21.6681,17203600
2022-12-28 03:00:00,21.8447,22.2418,21.6417,22.1094,22696400
2022-12-29 03:00:00,22.2771,22.489,22.03,22.0653,24799700
2023-01-02 03:00:00,21.5622,21.6505,21.218,21.6152,23340700
2023-01-03 03:00:00,21.6152,21.7564,21.0327,21.165,29873800
2023-01-04 03:00:00,21.2357,21.6417,21.0768,21.2268,29881500
2023-01-05 03:00:00,21.271,21.9859,21.2004,21.8888,36322800
2023-01-06 03:00:00,22.0035,22.3389,21.8888,22.2683,37628200
2023-01-09 03:00:00,22.0653,22.6478,21.9682,22.4272,25669400
2023-01-10 03:00:00,22.1801,22.9479,21.9947,22.8597,31389400
2023-01-11 03:00:00,22.842,23.3716,22.7361,23.2568,34195600
2023-01-12 03:00:00,22.5066,23.2215,22.4184,22.9303,51025400
2023-01-13 03:00:00,22.6037,22.8508,22.1889,22.8155,20763800
2023-01-16 03:00:00,22.7273,22.8155,22.3213,22.5684,24481400
2023-01-17 03:00:00,22.6478,23.0803,22.4978,23.0362,32299700
2023-01-18 03:00:00,23.2745,23.5128,23.1244,23.451,39724600
2023-01-19 03:00:00,23.1509,23.5304,22.9832,23.451,35493000
2023-01-20 03:00:00,23.5304,23.5481,22.9744,23.0362,33539000
2023-01-23 03:00:00,22.9832,23.098,22.2418,22.3301,45898100
2023-01-24 03:00:00,22.4978,22.9744,22.3654,22.5331,30342700
2023-01-25 03:00:00,22.5331,22.7273,22.083,22.6125,38490200
2023-01-26 03:00:00,22.639,22.7184,22.2771,22.4801,29887200
2023-01-27 03:00:00,22.4272,22.4713,21.9064,22.0035,30331300
2023-01-30 03:00:00,22.0565,22.1183,21.6505,22.0124,35228000
2023-01-31 03:00:00,22.1624,22.5861,22.1447,22.3566,29062700
2023-02-01 03:00:00,22.233,22.5066,21.8711,22.0477,28111400
2023-02-02 03:00:00,21.8888,22.9214,21.8005,22.2507,46319700
2023-02-03 03:00:00,21.9771,22.3831,21.9153,22.1712,36659600
2023-02-06 03:00:00,22.2771,22.2771,21.8182,22.1801,28120300
2023-02-07 03:00:00,22.2418,22.3124,21.4122,21.6681,30492100
2023-02-08 03:00:00,22.4625,23.4863,22.3478,23.4598,106221600
2023-02-09 03:00:00,23.5216,23.7158,22.7626,22.8773,36060500
2023-02-10 03:00:00,22.7008,22.9303,22.5154,22.7714,52164200
2023-02-13 03:00:00,22.7538,23.6805,22.7538,23.5746,43834000
2023-02-14 03:00:00,23.6099,23.7246,23.2215,23.2833,34987600
2023-02-15 03:00:00,23.1951,23.8923,23.0538,23.6275,36885900
2023-02-16 03:00:00,23.4687,23.91,23.3186,23.8041,30619700
2023-02-17 03:00:00,23.7952,23.9629,23.5658,23.7246,18823200
2023-02-22 03:00:00,23.2127,23.3981,23.1774,23.2833,18353500
2023-02-23 03:00:00,23.3098,23.8835,23.2657,23.3716,38119200
2023-02-24 03:00:00,23.1686,23.2215,22.5508,22.6567,31262100
2023-02-27 03:00:00,22.7626,22.7714,22.3124,22.3654,17739200
2023-02-28 03:00:00,22.4184,22.7979,22.2242,22.4448,26006300
2023-03-01 03:00:00,22.3478,22.3742,21.5269,22.0653,43941800
2023-03-02 03:00:00,21.9771,22.2418,21.218,21.3416,46105200
2023-03-03 03:00:00,21.4828,21.7034,21.2621,21.3681,25609300
2023-03-06 03:00:00,21.5711,22.1006,21.2798,21.8535,31041400
2023-03-07 03:00:00,21.9329,21.9594,21.4475,21.9153,28140900
2023-03-08 03:00:00,22.0565,22.3566,21.8535,22.1889,35335600
2023-03-09 03:00:00,22.0653,22.1359,21.7211,21.7652,42263900
2023-03-10 03:00:00,21.6681,21.7211,21.0856,21.2445,32874300
2023-03-13 03:00:00,20.9797,21.2445,20.7149,20.9885,33918500
2023-03-14 03:00:00,20.7944,21.1386,20.7149,20.9179,38701800
2023-03-15 03:00:00,20.6267,20.9709,20.3177,20.865,50653100
2023-03-16 03:00:00,20.8826,21.3151,20.759,21.2092,40089800
2023-03-17 03:00:00,21.0944,21.1121,20.5649,20.6002,60517100
2023-03-20 03:00:00,20.6531,21.0591,20.459,20.6531,32597400
2023-03-21 03:00:00,20.7414,21.3151,20.7414,21.0768,38574400
2023-03-22 03:00:00,21.1386,21.4034,20.9003,20.9532,36400300
2023-03-23 03:00:00,20.962,21.4034,20.203,20.4325,52801200
2023-03-24 03:00:00,20.4413,20.6708,20.0706,20.4943,30018800
2023-03-27 03:00:00,20.7414,20.9885,20.6355,20.8473,39378700
2023-03-28 03:00:00,20.865,21.1121,20.7414,20.9444,28363000
2023-03-29 03:00:00,20.962,21.2533,20.812,21.1474,22773800
2023-03-30 03:00:00,21.4651,21.8888,21.3769,21.7299,38191200
2023-03-31 03:00:00,21.8358,22.1447,21.6152,21.8358,57822100
2023-04-03 03:00:00,21.7829,21.8005,21.015,21.2092,33808300
2023-04-04 03:00:00,21.3063,21.8094,21.2886,21.6328,22875900
2023-04-05 03:00:00,21.6858,21.8976,21.3416,21.6152,31919900
2023-04-06 03:00:00,21.677,21.7741,21.3857,21.5446,21757200
2023-04-10 03:00:00,21.7476,21.8447,21.6328,21.7741,14142500
2023-04-11 03:00:00,22.2418,22.6125,22.0741,22.4801,48430300
2023-04-12 03:00:00,22.6302,22.9656,22.3919,22.6302,41827200
2023-04-13 03:00:00,22.7361,22.8685,22.4625,22.6302,35846900
2023-04-14 03:00:00,22.5508,23.0627,22.4537,22.9568,34411400
2023-04-17 03:00:00,22.9921,23.1598,22.7008,22.9126,21330100
2023-04-18 03:00:00,22.9568,23.1598,22.6655,22.895,24193800
2023-04-19 03:00:00,22.7273,22.8155,22.4978,22.5331,27392900
2023-04-20 03:00:00,22.4095,22.6655,22.2507,22.5949,21849100
2023-04-24 03:00:00,22.5861,22.7538,22.2242,22.3919,25308300
2023-04-25 03:00:00,22.2418,22.7008,22.2418,22.5949,22930500
2023-04-26 03:00:00,22.5331,22.6478,22.3301,22.3654,17033600
2023-04-27 03:00:00,22.3566,22.7714,22.3566,22.7626,20883000
2023-04-28 03:00:00,22.8861,22.8861,22.5154,22.8773,20516400
2023-05-02 03:00:00,22.7096,22.9214,21.9417,21.9771,43660400
2023-05-03 03:00:00,22.0212,22.1801,21.7829,21.9417,23404800
2023-05-04 03:00:00,22.0565,22.3124,21.6417,22.1183,39720400
2023-05-05 03:00:00,22.3742,22.9391,22.083,22.9391,43603500
2023-05-08 03:00:00,23.3451,23.451,22.7802,23.2568,52814400
2023-05-09 03:00:00,23.1951,23.6452,23.1509,23.3981,38180100
2023-05-10 03:00:00,23.3539,23.8658,23.2039,23.7423,30969900
2023-05-11 03:00:00,23.6187,24.1306,23.4863,23.9718,31683800
2023-05-12 03:00:00,23.6628,23.8747,23.5393,23.7511,17773000
2023-05-15 03:00:00,23.7864,23.9188,23.5746,23.8394,17941600
2023-05-16 03:00:00,23.857,24.113,23.6805,23.7599,26368100
2023-05-17 03:00:00,23.9188,24.2012,23.7864,23.9982,23992100
2023-05-18 03:00:00,23.9188,23.9541,23.6187,23.91,23660900
2023-05-19 03:00:00,23.7511,23.8305,23.451,23.7158,48684300
2023-05-22 03:00:00,23.7158,23.9541,23.2127,23.2657,26348700
2023-05-23 03:00:00,23.3804,23.8041,23.1774,23.451,27771700
2023-05-24 03:00:00,23.301,23.5658,23.1686,23.3186,28743700
2023-05-25 03:00:00,23.7158,24.1483,23.5481,24.0512,45505400
2023-05-26 03:00:00,24.1836,24.5013,23.6452,23.8658,29682000
2023-05-29 03:00:00,23.7952,23.8747,23.5658,23.7599,9926900
2023-05-30 03:00:00,23.9011,23.9982,23.1333,23.4245,43156800
2023-05-31 03:00:00,23.3804,23.4422,23.1244,23.2392,33918500
2023-06-01 03:00:00,23.3628,23.7511,23.2215,23.5658,25532300
2023-06-02 03:00:00,23.8305,24.0247,23.707,23.91,25128400
2023-06-05 03:00:00,23.9629,24.0777,23.6805,23.9629,24598600
2023-06-06 03:00:00,24.1218,24.2277,23.9629,24.1306,26212500
2023-06-07 03:00:00,24.2718,24.3778,23.9894,24.2012,28032100
2023-06-09 03:00:00,24.3336,24.5366,24.1218,24.5366,29274500
2023-06-12 03:00:00,24.6514,24.7485,24.2012,24.2718,29667500
2023-06-13 03:00:00,24.3954,24.6249,24.3072,24.5455,33303000
2023-06-14 03:00:00,24.6867,24.9073,24.5102,24.8808,49889400
2023-06-15 03:00:00,24.8014,25.2427,24.7838,25.2074,26763200
2023-06-16 03:00:00,25.1456,25.4545,24.9338,25.2869,41559300
2023-06-19 03:00:00,25.2251,25.684,25.1898,25.6311,16269200
2023-06-20 03:00:00,25.4281,25.4281,25.0309,25.3839,24844600
2023-06-21 03:00:00,25.3663,25.7458,25.3222,25.6311,26336300
2023-06-22 03:00:00,25.481,25.5958,25.2074,25.3839,23911700
2023-06-23 03:00:00,25.4634,25.4634,25.1368,25.3045,16590300
2023-06-26 03:00:00,25.2692,25.5428,25.0927,25.2692,13589700
2023-06-27 03:00:00,25.4016,25.4457,24.6955,24.9868,26027100
2023-06-28 03:00:00,24.9779,25.0397,24.7132,24.8455,18710300
2023-06-29 03:00:00,24.9162,25.1986,24.8985,25.1456,61962900
2023-06-30 03:00:00,25.3928,25.5252,25.0221,25.0838,27856400
2023-07-03 03:00:00,25.1898,25.6046,25.0309,25.5605,17644300
2023-07-04 03:00:00,25.481,25.6134,25.3575,25.4016,8159900
2023-07-05 03:00:00,25.3486,25.7723,25.2957,25.6222,17651100
2023-07-06 03:00:00,25.4457,25.5163,25.2427,25.2427,28309400
2023-07-07 03:00:00,25.3928,26.0018,25.2869,25.7193,27781200
2023-07-10 03:00:00,25.9223,25.9223,25.4634,25.5516,13239400
2023-07-11 03:00:00,25.4281,25.4722,24.8014,25.1015,28049700
2023-07-12 03:00:00,25.1545,25.2869,24.8897,24.9515,18432600
2023-07-13 03:00:00,24.9073,25.4104,24.8544,25.2251,21869200
2023-07-14 03:00:00,25.2869,25.4104,24.8544,24.9603,24637900
2023-07-17 03:00:00,24.9162,25.4457,24.8544,25.4457,15935400
2023-07-18 03:00:00,25.4457,25.5428,24.8632,24.9515,39090200
2023-07-19 03:00:00,24.9515,25.075,24.6161,24.6867,39310700
2023-07-20 03:00:00,24.8102,25.1456,24.4484,25.1456,37782800
2023-07-21 03:00:00,25.1545,25.5958,25.0927,25.5958,31956700
2023-07-24 03:00:00,25.5958,25.8164,25.0132,25.1898,32867100
2023-07-25 03:00:00,25.5516,25.5516,24.9956,25.2427,34900000
2023-07-26 03:00:00,25.2339,25.4192,25.0044,25.3839,33564400
2023-07-27 03:00:00,25.3486,25.3486,24.7926,24.8191,19583700
2023-07-28 03:00:00,24.8808,25.2251,24.7661,25.1898,16279500
2023-07-31 03:00:00,25.4104,25.4899,25.1456,25.278,15236900
2023-08-01 03:00:00,25.0044,25.3575,24.9603,25.3398,14834600
2023-08-02 03:00:00,25.3222,25.3751,24.9868,25.2604,18344300
2023-08-03 03:00:00,25.4545,25.7105,24.9603,25.0662,21911900
2023-08-04 03:00:00,25.0044,25.1898,24.4484,24.6072,44208100
2023-08-07 03:00:00,24.6514,24.9603,24.3778,24.4131,33001900
2023-08-08 03:00:00,24.1483,24.722,23.9276,24.3601,44517500
2023-08-09 03:00:00,24.2718,24.3601,23.7599,24.2718,35060900
2023-08-10 03:00:00,24.4042,24.6602,24.2895,24.3513,30620600
2023-08-11 03:00:00,24.3866,24.5366,24.2365,24.3954,19424700
2023-08-14 03:00:00,24.2542,24.3778,23.9806,24.0424,25166400
2023-08-15 03:00:00,24.0953,24.1483,23.7158,23.91,24786800
2023-08-16 03:00:00,23.8747,24.2895,23.8217,23.8923,33932200
2023-08-17 03:00:00,24.113,24.1306,23.6011,23.6099,37983000
2023-08-18 03:00:00,23.5658,23.9894,23.4245,23.7952,20835200
2023-08-21 03:00:00,23.707,23.9011,23.5834,23.6981,32735100
2023-08-22 03:00:00,23.8305,24.1395,23.7688,24.0688,21268500
2023-08-23 03:00:00,24.0688,24.466,23.9276,24.3689,24179700
2023-08-24 03:00:00,24.3601,24.3601,23.9541,24.0865,18660400
2023-08-25 03:00:00,24.0512,24.0953,23.5393,23.707,22324700
2023-08-28 03:00:00,23.7246,24.7043,23.5834,24.5102,34277600
2023-08-29 03:00:00,24.7132,25.2339,24.6161,24.8985,35384900
2023-08-30 03:00:00,24.9868,25.0221,24.3425,24.4219,17550700
2023-08-31 03:00:00,24.316,24.3954,23.9894,24.2101,36973000
2023-09-01 03:00:00,24.2365,24.6425,24.1218,24.4042,29402400
2023-09-04 03:00:00,24.2983,24.4572,24.113,24.1836,9881600
2023-09-05 03:00:00,24.1836,24.2454,23.7864,23.8217,20654300
2023-09-06 03:00:00,23.8835,23.9806,23.4775,23.5922,19217800
2023-09-08 03:00:00,23.5216,23.9276,23.4157,23.6275,22711500
2023-09-11 03:00:00,23.8305,24.263,23.7335,24.2277,27622600
2023-09-12 03:00:00,24.2542,24.4484,24.113,24.3689,16481600
2023-09-13 03:00:00,24.4131,24.7485,24.263,24.4925,23120200
2023-09-14 03:00:00,24.5366,24.6867,24.2454,24.3954,30245100
2023-09-15 03:00:00,24.6425,24.7132,24.2189,24.3425,35928200
2023-09-18 03:00:00,24.4042,24.5366,24.1483,24.2807,14329800
2023-09-19 03:00:00,24.0953,24.2012,23.8835,23.9718,18953900
2023-09-20 03:00:00,24.0688,24.5719,24.0335,24.3778,24596100
2023-09-21 03:00:00,24.0953,24.1836,23.7952,23.8217,22405900
2023-09-22 03:00:00,23.9365,24.0247,23.7335,23.7599,16362800
2023-09-25 03:00:00,23.7776,23.9982,23.7688,23.8305,14178000
2023-09-26 03:00:00,23.8041,23.8305,23.4598,23.4775,24245200
2023-09-27 03:00:00,23.6628,23.7599,23.2657,23.4334,22994100
2023-09-28 03:00:00,23.4157,24.1659,23.3451,24.0512,28652900
2023-09-29 03:00:00,24.2718,24.3336,23.8482,24.0159,17625200
2023-10-02 03:00:00,23.9541,23.9982,23.6187,23.7776,12612000
2023-10-03 03:00:00,23.6805,23.7688,23.4334,23.4775,21358300
2023-10-04 03:00:00,23.5658,24.1218,23.4951,24.0159,23806800
2023-10-05 03:00:00,23.9718,24.5631,23.8923,24.3954,28635400
2023-10-06 03:00:00,24.1748,24.9691,24.0335,24.6249,44140600
2023-10-09 03:00:00,24.4042,24.4925,24.1836,24.4131,14602500
2023-10-10 03:00:00,24.466,24.7573,24.263,24.3866,24579700
2023-10-11 03:00:00,24.4484,24.7308,24.3425,24.6955,15882400
2023-10-13 03:00:00,24.6602,24.7926,24.3513,24.4395,22275500
2023-10-16 03:00:00,24.6072,24.6249,24.3336,24.4748,11441300
2023-10-17 03:00:00,24.3601,24.4042,24.0071,24.113,26816300
2023-10-18 03:00:00,23.8923,24.0865,23.4863,23.6099,55863000
2023-10-19 03:00:00,23.5481,24.1836,23.4598,23.8835,23164800
2023-10-20 03:00:00,23.7599,24.0335,23.6011,23.7952,23777600
2023-10-23 03:00:00,23.7423,24.1041,23.6717,23.8217,16052700
2023-10-24 03:00:00,24.0512,24.1659,23.6717,23.8217,15850100
2023-10-25 03:00:00,23.8747,24.5631,23.8041,23.8658,25565100
2023-10-26 03:00:00,24.0071,24.5543,23.91,24.4572,28766600
2023-10-27 03:00:00,24.5719,24.6249,23.9982,24.0953,30176000
2023-10-30 03:00:00,24.263,24.263,23.8217,23.9011,15110200
2023-10-31 03:00:00,23.9011,23.9894,23.5304,23.6717,25392800
2023-11-01 03:00:00,23.7423,24.1306,23.707,23.9894,26217000
2023-11-03 03:00:00,24.4925,24.8102,24.316,24.6514,35317500
2023-11-06 03:00:00,24.7573,24.9073,24.6072,24.8808,18023400
2023-11-07 03:00:00,24.8808,25.7546,24.669,25.5781,60774300
2023-11-08 03:00:00,25.6487,25.7988,25.4016,25.6929,23697200
2023-11-09 03:00:00,25.7017,25.9753,25.4016,25.8076,25831200
2023-11-10 03:00:00,25.9665,26.3636,25.8341,26.1165,24499000
2023-11-13 03:00:00,26.0194,26.0547,25.7458,25.94,15016500
2023-11-14 03:00:00,26.0282,26.5402,25.9753,26.3283,41826500
2023-11-16 03:00:00,26.4784,26.9726,26.2754,26.752,41237700
2023-11-17 03:00:00,26.7343,26.9991,26.5843,26.8756,24575400
2023-11-20 03:00:00,26.902,27.2109,26.699,27.1403,23396400
2023-11-21 03:00:00,27.0344,27.2286,26.9285,27.0962,16598200
2023-11-22 03:00:00,27.2727,27.564,27.158,27.2639,38994500
2023-11-23 03:00:00,27.2639,27.4757,26.9903,27.2286,22853000
2023-11-24 03:00:00,27.1227,27.2639,26.8314,27.0786,20490800
2023-11-27 03:00:00,27.2109,27.3257,26.9285,27.0079,18069400
2023-11-28 03:00:00,26.9991,27.4051,26.902,27.2727,20636100
2023-11-29 03:00:00,27.5375,27.6964,27.2198,27.4581,22551800
2023-11-30 03:00:00,27.6258,27.9435,27.564,27.8817,43096800
2023-12-01 03:00:00,27.8464,27.9612,27.4757,27.8023,30515400
2023-12-04 03:00:00,27.6434,28.0229,27.6346,27.8376,12985900
2023-12-05 03:00:00,27.8817,28.2083,27.8199,28.0671,25971100
2023-12-06 03:00:00,28.173,28.2436,27.6434,27.8199,23288100
2023-12-07 03:00:00,27.7582,27.9082,27.5463,27.9082,20079700
2023-12-08 03:00:00,27.8288,28.3495,27.7493,28.2613,18519300
2023-12-11 03:00:00,28.1112,28.3054,28.0053,28.0671,19414400
2023-12-12 03:00:00,28.1377,28.1906,27.7052,27.9259,14850200
2023-12-13 03:00:00,27.9259,28.9232,27.9259,28.7732,47226300
2023-12-14 03:00:00,28.8967,29.1615,28.6055,29.0115,42572400
2023-12-15 03:00:00,29.0556,29.1615,28.5084,28.8879,27935300
2023-12-18 03:00:00,28.9762,29.1527,28.835,29.0291,27821700
2023-12-19 03:00:00,29.1439,29.4351,28.9762,29.0468,23910200
2023-12-20 03:00:00,28.9409,29.0997,28.6673,28.7467,22793900
2023-12-21 03:00:00,28.9056,29.0115,28.729,28.9409,21813000
2023-12-22 03:00:00,28.9673,29.6028,28.9497,29.3998,32650500
2023-12-26 03:00:00,29.4528,29.8147,29.3292,29.6999,23135400
2023-12-27 03:00:00,29.6646,29.9647,29.6293,29.9029,18176500
2023-12-28 03:00:00,29.9029,29.9823,29.7793,29.9823,12555300
2024-01-02 03:00:00,29.9117,29.9117,29.338,29.5852,18948200
2024-01-03 03:00:00,29.5763,29.8058,29.2586,29.2586,18530900
2024-01-04 03:00:00,29.2586,29.3292,28.8614,29.0644,26585200
2024-01-05 03:00:00,29.0468,29.744,29.0203,29.744,27726400
2024-01-08 03:00:00,29.5852,29.7176,29.3822,29.4263,11810700
2024-01-09 03:00:00,29.3027,29.5146,28.9409,29.4087,18939900
2024-01-10 03:00:00,29.3116,29.6028,29.2939,29.3822,10081600
2024-01-11 03:00:00,29.3116,29.6381,29.241,29.4351,20401200
2024-01-12 03:00:00,29.3557,29.5499,29.0909,29.4704,24367500
2024-01-15 03:00:00,29.4528,29.6293,29.2851,29.5234,9858400
2024-01-16 03:00:00,29.3027,29.6293,29.0821,29.1086,35504200
2024-01-17 03:00:00,29.038,29.2674,28.9762,29.1262,27003400
2024-01-18 03:00:00,29.3027,29.3027,28.8967,29.0026,22607200
2024-01-19 03:00:00,29.0821,29.1615,28.8703,29.0733,31813600
2024-01-22 03:00:00,29.0821,29.2763,28.2171,28.5966,36322300
2024-01-23 03:00:00,28.7555,28.7908,28.3936,28.729,21485900
2024-01-24 03:00:00,28.8703,29.188,28.5172,28.5966,23505900
2024-01-25 03:00:00,28.7555,28.835,28.4643,28.5349,15357400
2024-01-26 03:00:00,28.579,29.0468,28.5525,28.9585,14469000
2024-01-29 03:00:00,28.8703,29.0203,28.6408,28.8085,8784400
2024-01-30 03:00:00,28.7467,28.8967,28.5349,28.6231,21026800
2024-01-31 03:00:00,28.6673,29.4175,28.6584,28.932,23851600
2024-02-01 03:00:00,28.932,29.1792,28.4554,28.8526,23214000
2024-02-02 03:00:00,28.9056,29.0291,28.4113,28.8967,22364400
2024-02-05 03:00:00,29.0203,29.4528,28.9497,29.444,18657900
2024-02-06 03:00:00,29.6205,30.7767,29.3733,30.7061,67268496
2024-02-07 03:00:00,30.4501,30.7767,30.0971,30.4854,47151000
2024-02-08 03:00:00,30.3884,30.7502,29.8853,29.8853,48756600
2024-02-09 03:00:00,29.9029,30.3707,29.7793,30.2648,26971700
2024-02-14 03:00:00,30.1853,30.3972,30.1147,30.2648,12633200
2024-02-15 03:00:00,30.3442,30.5649,30.1324,30.5207,28507000
2024-02-16 03:00:00,30.609,30.7061,30.256,30.4854,22821200
2024-02-19 03:00:00,30.5207,30.8385,30.4943,30.8208,28274900
2024-02-20 03:00:00,30.7944,31.7299,30.7944,31.4916,55025400
2024-02-21 03:00:00,31.4651,31.624,31.3151,31.3151,28407100
2024-02-22 03:00:00,30.6267,30.6531,30.15,30.15,21460700
2024-02-23 03:00:00,30.1853,30.3442,29.8941,30.2383,22703500
2024-02-26 03:00:00,30.2648,30.3972,30.15,30.3266,13553700
2024-02-27 03:00:00,30.556,30.759,30.3619,30.6973,15712500
2024-02-28 03:00:00,30.6267,30.7944,30.4148,30.7149,13346600
2024-02-29 03:00:00,30.6002,30.6708,29.7793,29.9559,42434400
2024-03-01 03:00:00,30.1147,30.2471,29.9294,30.0706,14523200
2024-03-04 03:00:00,30.0794,30.1853,29.8411,29.8411,15599500
2024-03-05 03:00:00,29.9382,30.0441,29.6558,29.8147,18130700
2024-03-06 03:00:00,29.9735,30.2648,29.797,30.1412,32234300
2024-03-07 03:00:00,30.053,30.3089,29.5675,29.8235,16530500
2024-03-08 03:00:00,29.7264,30.2383,29.6999,30.0971,17325800
2024-03-11 03:00:00,30.0177,30.2471,30.0,30.2471,20181300
2024-03-12 03:00:00,30.4148,30.5472,30.1236,30.3707,21566200
2024-03-13 03:00:00,30.2824,30.8208,30.1853,30.6708,26668100
2024-03-14 03:00:00,30.7149,30.8297,30.4943,30.6531,28582300
2024-03-15 03:00:00,30.7767,30.8032,30.3619,30.4854,37575400
2024-03-18 03:00:00,30.6002,30.8473,30.3442,30.609,12949700
2024-03-19 03:00:00,30.6796,30.759,30.5737,30.6531,10533300
2024-03-20 03:00:00,30.6531,30.8914,30.5031,30.7149,17439700
2024-03-21 03:00:00,30.7149,30.8297,30.2471,30.3972,33569600
2024-03-22 03:00:00,30.0971,30.1853,29.6646,29.7617,11601800
2024-03-25 03:00:00,29.6911,29.7793,29.6117,29.7617,12219500
2024-03-26 03:00:00,29.7264,30.353,29.6381,30.353,17001600
2024-03-27 03:00:00,30.2736,30.609,30.1412,30.5207,17121600
2024-03-28 03:00:00,30.5119,30.7061,30.353,30.5737,16693300
2024-04-01 03:00:00,30.5207,30.7061,29.5057,29.5146,31425600
2024-04-02 03:00:00,29.5234,29.6205,29.2498,29.5499,18086200
2024-04-03 03:00:00,29.5146,29.6381,29.135,29.3292,29810600
2024-04-04 03:00:00,29.4528,29.7352,28.782,28.9409,47764600
2024-04-05 03:00:00,28.9497,29.1174,28.7114,28.8879,24943600
2024-04-08 03:00:00,29.0909,29.594,29.0291,29.3204,17031700
2024-04-09 03:00:00,29.4616,29.6823,29.3733,29.6293,17809900
2024-04-10 03:00:00,29.5234,29.5675,28.8438,29.0026,27586400
2024-04-11 03:00:00,28.8791,29.0644,28.729,28.9497,18259600
2024-04-12 03:00:00,28.8614,28.8879,28.5878,28.6496,22807700
2024-04-15 03:00:00,28.6496,28.7996,28.0583,28.1642,31620200
2024-04-16 03:00:00,27.9876,28.1289,27.6964,27.9523,30781700
2024-04-17 03:00:00,27.97,28.0406,27.6964,27.97,25336400
2024-04-18 03:00:00,28.0229,28.2436,27.6787,28.0053,21697800
2024-04-19 03:00:00,28.0494,28.2171,27.7582,27.8464,26914400
2024-04-22 03:00:00,27.9259,28.0141,27.6081,27.8288,21715600
2024-04-23 03:00:00,27.714,28.5172,27.714,28.2436,46873000
2024-04-24 03:00:00,28.2436,28.323,27.9082,28.12,24172500
2024-04-25 03:00:00,28.0494,28.2436,27.7582,27.9612,20367500
2024-04-26 03:00:00,28.0847,28.5525,27.9965,28.429,27149700
2024-04-29 03:00:00,28.4643,28.5084,27.9876,28.2083,22083300
2024-04-30 03:00:00,28.1642,28.4201,27.6787,27.6787,46905100
2024-05-02 03:00:00,28.173,28.3407,27.8199,28.0671,27936500
2024-05-03 03:00:00,28.4731,28.7643,28.3142,28.4201,28919100
2024-05-06 03:00:00,28.4025,28.835,28.3319,28.5966,18623400
2024-05-07 03:00:00,28.6849,29.338,28.4025,29.188,38484900
2024-05-08 03:00:00,28.9762,29.4528,28.7908,29.3733,24467300
2024-05-09 03:00:00,29.0291,29.0909,28.4731,28.4907,28099900
2024-05-10 03:00:00,28.5349,29.1439,28.5172,28.8173,23338400
2024-05-13 03:00:00,28.9585,29.2851,28.8791,29.1703,23536100
2024-05-14 03:00:00,28.9673,29.6205,28.9585,29.4881,30447800
2024-05-15 03:00:00,29.5763,29.6293,29.2851,29.4087,21065900
2024-05-16 03:00:00,29.541,29.6734,29.2321,29.3204,17894400
2024-05-17 03:00:00,29.2674,29.4528,29.1792,29.3292,18588100
2024-05-20 03:00:00,29.2939,29.4793,29.1262,29.241,15670900
2024-05-21 03:00:00,29.2763,29.3733,28.9762,29.0909,16499800
2024-05-22 03:00:00,28.9409,28.9938,28.526,28.6408,20994500
2024-05-23 03:00:00,28.5966,28.632,28.2877,28.3848,19234200
2024-05-24 03:00:00,28.4378,28.4554,28.0053,28.1112,20649100
2024-05-27 03:00:00,28.1112,28.1289,27.8906,28.0141,12040200
2024-05-28 03:00:00,28.3583,28.3672,27.8023,27.8641,25101900
2024-05-29 03:00:00,27.6787,27.8288,27.3169,27.6699,24844400
2024-05-31 03:00:00,27.6611,27.7229,27.361,27.3875,34258100
2024-06-03 03:00:00,27.5022,27.9347,27.4404,27.7582,22727500
2024-06-04 03:00:00,27.6611,27.9523,27.511,27.8553,22209800
2024-06-05 03:00:00,27.7582,27.9259,27.6523,27.8023,22320200
2024-06-06 03:00:00,27.8111,28.2436,27.767,28.1553,12893200
2024-06-07 03:00:00,27.8729,28.0671,27.6523,27.7582,23228300
2024-06-10 03:00:00,27.7935,27.8906,27.2816,27.5375,20354000
2024-06-11 03:00:00,27.6964,27.97,27.5728,27.8464,14833200
2024-06-12 03:00:00,27.9523,28.0141,27.4934,27.8023,34735800
2024-06-13 03:00:00,27.8023,27.9523,27.511,27.511,20383900
2024-06-14 03:00:00,27.4757,27.6876,27.308,27.4846,15416800
2024-06-17 03:00:00,27.7229,28.2436,27.6169,28.1553,26902400
2024-06-18 03:00:00,28.1024,28.4466,27.9965,28.1377,21702300
2024-06-19 03:00:00,28.0141,28.4996,27.8906,28.3583,14561100
2024-06-20 03:00:00,28.579,28.6496,28.12,28.1642,20425100
2024-06-21 03:00:00,28.1377,28.4025,27.9259,28.1377,51730900
2024-06-24 03:00:00,28.2348,29.0026,28.2259,28.5437,32487800
2024-06-25 03:00:00,28.5349,28.8438,28.4554,28.632,23973600
2024-06-26 03:00:00,28.4466,28.579,28.0759,28.579,23633300
2024-06-27 03:00:00,28.6408,28.782,28.4907,28.632,15015600
2024-06-28 03:00:00,28.6673,28.7202,28.2877,28.6055,28992100
2024-07-01 03:00:00,28.579,28.8261,28.3936,28.4554,15617100
2024-07-02 03:00:00,28.4907,28.8261,28.4466,28.8261,30447800
2024-07-03 03:00:00,29.0026,29.3822,28.9144,29.0026,25232900
2024-07-04 03:00:00,29.2763,29.338,29.038,29.0468,10038200
2024-07-05 03:00:00,29.1262,29.1968,28.782,29.0644,16825500
2024-07-08 03:00:00,28.9762,29.1262,28.7732,29.0115,17394700
2024-07-09 03:00:00,28.8967,29.2145,28.729,29.2145,16794100
2024-07-10 03:00:00,29.2851,29.5499,29.2145,29.5234,34365600
2024-07-11 03:00:00,29.5234,29.7087,29.4616,29.6999,19611900
2024-07-12 03:00:00,29.6999,29.7352,29.4087,29.5322,22058200
2024-07-15 03:00:00,29.5675,29.7176,29.4616,29.647,19714400
2024-07-16 03:00:00,29.6205,29.8764,29.5852,29.8235,19471900
2024-07-17 03:00:00,29.7617,30.2295,29.6646,30.15,16329000
2024-07-18 03:00:00,30.0706,30.1942,29.8058,30.0088,15688400
2024-07-19 03:00:00,30.1412,30.556,30.0618,30.2383,23779800
2024-07-22 03:00:00,30.256,30.406,30.1589,30.2207,12397200
2024-07-23 03:00:00,30.1942,30.3619,30.0971,30.1765,16920900
2024-07-24 03:00:00,30.2736,30.3001,30.053,30.1324,15775600
2024-07-25 03:00:00,30.0706,30.1942,29.8676,30.0,19825200
2024-07-26 03:00:00,29.9382,30.3089,29.9382,30.2207,11181500
2024-07-29 03:00:00,30.256,30.5472,30.2295,30.4413,15134500
2024-07-30 03:00:00,30.3795,30.459,30.1324,30.3266,17627800
2024-07-31 03:00:00,30.2383,30.3707,29.8764,29.9029,25302400
2024-08-01 03:00:00,30.0265,30.1147,29.3645,29.4528,22633900
2024-08-02 03:00:00,29.5587,29.6028,28.9409,29.0821,24143700
2024-08-05 03:00:00,28.6408,29.1527,28.5525,29.0821,26510800
2024-08-06 03:00:00,29.135,29.9559,29.135,29.7264,25812000
2024-08-07 03:00:00,30.053,30.1677,29.188,29.8058,40658900
2024-08-08 03:00:00,29.8764,30.1324,29.6028,29.6999,19625300
2024-08-09 03:00:00,29.8323,30.5031,29.7882,30.5031,24139400
2024-08-12 03:00:00,30.6002,30.7326,30.4237,30.5472,20965400
2024-08-13 03:00:00,30.759,31.4122,30.6355,31.4122,39538900
2024-08-14 03:00:00,31.4122,32.4625,31.4122,32.1889,54240500
2024-08-15 03:00:00,32.3654,32.7361,32.2683,32.7008,32635900
2024-08-16 03:00:00,32.8685,33.0891,32.3389,32.4272,34482800
2024-08-19 03:00:00,32.5508,32.8861,32.4625,32.6214,22266300
2024-08-20 03:00:00,32.6567,32.9744,32.4272,32.8597,15760400
2024-08-21 03:00:00,32.9479,32.9921,32.5772,32.7273,14132800
2024-08-22 03:00:00,32.0565,32.436,32.0388,32.4272,21460900
2024-08-23 03:00:00,32.4713,32.7008,32.1006,32.1801,21749000
2024-08-26 03:00:00,32.2418,32.3389,32.0035,32.2507,14399100
2024-08-27 03:00:00,32.2418,32.4007,32.0653,32.286,14639700
2024-08-28 03:00:00,32.0918,33.0715,31.9771,32.9832,31881300
2024-08-29 03:00:00,32.8244,32.9921,32.6214,32.6214,22221200
2024-08-30 03:00:00,32.5066,32.6302,32.1359,32.3919,61647300
2024-09-02 03:00:00,32.2771,32.3919,32.0741,32.1183,10168000
2024-09-03 03:00:00,32.2065,32.6478,32.0918,32.639,15736300
2024-09-04 03:00:00,32.7891,33.3539,32.6743,32.8685,20311300
2024-09-05 03:00:00,32.9214,33.1862,32.7802,33.0803,11564300
2024-09-06 03:00:00,33.1686,33.1686,32.5419,32.6125,15938900
2024-09-09 03:00:00,32.6743,33.0538,32.6302,32.9303,13666700
2024-09-10 03:00:00,32.7008,32.9921,32.6743,32.9303,13327400
2024-09-11 03:00:00,32.9921,33.1333,32.7802,32.9921,19666600
2024-09-12 03:00:00,32.842,32.9038,32.3919,32.6302,14394900
2024-09-13 03:00:00,32.7979,32.9479,32.286,32.6655,20220400
2024-09-16 03:00:00,32.7096,32.8508,32.5066,32.6567,10814500
2024-09-17 03:00:00,32.5772,32.639,32.3566,32.5772,17636100
2024-09-18 03:00:00,32.5243,32.6831,32.2683,32.3919,16508200
2024-09-19 03:00:00,32.4801,32.5508,32.1006,32.3036,23841600
2024-09-20 03:00:00,32.0565,32.1977,31.6946,31.7123,30640100
2024-09-23 03:00:00,31.5446,31.7564,31.3945,31.5269,15333800
2024-09-24 03:00:00,31.8182,32.0653,31.3504,31.5181,24014400
2024-09-25 03:00:00,31.5799,31.9241,31.5799,31.9153,21696900
2024-09-26 03:00:00,32.2154,32.5596,32.0741,32.3213,37598800
2024-09-27 03:00:00,32.2507,32.5331,32.233,32.4448,27723900
2024-09-30 03:00:00,32.3036,32.6567,31.8711,31.8711,25147200
2024-10-01 03:00:00,32.0035,32.0477,31.271,31.3327,26606300
2024-10-02 03:00:00,31.6593,32.0035,31.3504,31.5269,20768200
2024-10-03 03:00:00,31.0856,31.1739,30.5825,30.7502,31509700
2024-10-04 03:00:00,30.6178,31.015,30.5649,30.812,15482400
2024-10-07 03:00:00,31.068,31.1739,30.759,31.015,23310400
2024-10-08 03:00:00,30.8297,31.3504,30.8032,31.2004,23103400
2024-10-09 03:00:00,30.9885,31.068,30.5649,30.6267,20924100
2024-10-10 03:00:00,30.6355,30.865,30.5119,30.7944,20487100
2024-10-11 03:00:00,30.7414,30.865,30.4943,30.5649,16965500
2024-10-14 03:00:00,30.662,30.9532,30.556,30.759,14436100
2024-10-15 03:00:00,30.8032,31.165,30.6531,31.1121,28801300
2024-10-16 03:00:00,31.1121,31.1297,30.759,30.9267,34988700
2024-10-17 03:00:00,30.6178,31.271,30.4854,30.9885,19691800
2024-10-18 03:00:00,31.068,31.2268,30.9091,31.1386,15607200
2024-10-21 03:00:00,31.2357,31.2621,30.8914,30.9797,14892400
2024-10-22 03:00:00,30.8914,31.1121,30.7237,31.0327,21933400
2024-10-23 03:00:00,30.9003,31.2445,30.8914,31.2268,15353400
2024-10-24 03:00:00,31.2268,31.624,31.1474,31.5093,21391700
2024-10-25 03:00:00,31.5093,31.5799,31.0856,31.1562,15339600
2024-10-28 03:00:00,31.4563,31.6946,31.3239,31.5357,10533000
2024-10-29 03:00:00,31.6505,31.7211,31.2004,31.2004,11672800
2024-10-30 03:00:00,31.1915,31.4122,31.0062,31.1121,10662900
2024-10-31 03:00:00,31.1121,31.4298,30.9091,30.9091,20077800
2024-11-01 03:00:00,30.8914,31.1562,30.7061,30.7237,22751600
2024-11-04 03:00:00,31.0062,31.3681,30.7944,31.1386,20499900
2024-11-05 03:00:00,31.5093,32.3477,31.421,32.0741,52524800
2024-11-06 03:00:00,31.6593,32.1536,31.3504,31.9241,38887000
2024-11-07 03:00:00,31.8888,32.1977,31.3857,31.4563,14842300
2024-11-08 03:00:00,30.9532,31.218,30.7855,30.962,23166300
2024-11-11 03:00:00,30.8561,31.2621,30.812,30.9974,18250400
2024-11-12 03:00:00,31.0238,31.1386,30.5914,30.6267,23469800
2024-11-13 03:00:00,30.7149,30.759,30.2736,30.4678,26218900
2024-11-14 03:00:00,30.406,30.5472,30.1589,30.3795,30896800
2024-11-18 03:00:00,30.3442,30.5119,30.203,30.2736,18502200
2024-11-19 03:00:00,30.2736,30.6267,30.15,30.5472,15904500
2024-11-21 03:00:00,30.2207,30.3884,30.0177,30.0177,25355200
2024-11-22 03:00:00,30.3619,30.3619,29.9559,30.1059,12832500
2024-11-25 03:00:00,30.0883,30.1942,29.9823,30.0971,23845800
2024-11-26 03:00:00,30.1853,31.0327,30.1589,30.6708,26712200
2024-11-27 03:00:00,30.609,30.759,29.7617,29.9206,23668200
2024-11-28 03:00:00,29.8058,29.8588,28.7996,28.8438,39103200
2024-11-29 03:00:00,28.9144,29.0644,28.4025,28.7732,36814900
2024-12-02 03:00:00,28.5878,28.8173,28.2436,28.3495,22086700
2024-12-03 03:00:00,28.429,28.7026,28.4025,28.6673,20615600
2024-12-04 03:00:00,28.6055,28.9938,28.5613,28.8438,22165100
2024-12-05 03:00:00,29.1086,29.5675,28.9497,29.4616,32610100
2024-12-06 03:00:00,29.3733,29.4704,28.8438,28.8614,21387700
2024-12-09 03:00:00,28.9056,29.241,28.9056,29.0026,16171800
2024-12-10 03:00:00,28.8967,29.2763,28.8614,29.1174,18930200
2024-12-11 03:00:00,29.1439,29.7882,28.8173,29.3998,31761400
2024-12-12 03:00:00,29.1262,29.2851,28.5702,28.6673,24253200
2024-12-13 03:00:00,28.7114,28.7996,28.2877,28.2966,24698200
2024-12-16 03:00:00,28.2524,28.3407,27.9876,27.9876,33022600
2024-12-17 03:00:00,28.0671,28.4025,27.8906,28.1377,40112700
2024-12-18 03:00:00,28.0406,28.1024,27.2462,27.3345,51323900
2024-12-19 03:00:00,27.5287,27.8376,27.2816,27.4846,47032100
2024-12-20 03:00:00,27.4139,27.8199,27.4139,27.8023,53091500
2024-12-23 03:00:00,27.4757,27.6346,27.1403,27.2639,27736400
2024-12-26 03:00:00,27.2286,27.564,27.1756,27.4404,20545700
2024-12-27 03:00:00,27.4934,27.564,27.1668,27.1668,13592800
2024-12-30 03:00:00,27.2462,27.4228,27.1227,27.1227,28377300
2025-01-02 03:00:00,27.0521,27.2286,26.6902,26.9815,25643400
2025-01-03 03:00:00,26.9991,27.0256,26.3195,26.3195,35324700
2025-01-06 03:00:00,26.6637,27.5816,26.5755,27.5022,30983300
2025-01-07 03:00:00,27.6434,28.12,27.5728,27.8023,25264200
2025-01-08 03:00:00,27.5552,27.7229,27.2374,27.3522,19226100
2025-01-09 03:00:00,27.3698,27.511,27.2904,27.4228,10119800
2025-01-10 03:00:00,27.4139,27.4846,26.9638,27.0432,19288300
2025-01-13 03:00:00,27.0344,27.4757,27.0344,27.2374,15477300
2025-01-14 03:00:00,27.2992,27.3169,26.8491,27.2551,20237000
2025-01-15 03:00:00,27.511,28.4996,27.4228,28.4378,35576600
2025-01-16 03:00:00,28.376,28.5878,28.1112,28.3495,21858100
2025-01-17 03:00:00,28.4819,28.7467,28.323,28.5525,20854200
2025-01-20 03:00:00,28.4201,29.038,28.4201,28.8261,9234400
2025-01-21 03:00:00,28.8261,29.038,28.7114,28.8879,14049800
2025-01-22 03:00:00,28.9938,29.0909,28.6937,28.782,21037900
2025-01-23 03:00:00,28.8703,29.0115,28.5349,28.7202,20224000
2025-01-24 03:00:00,28.6231,28.7732,28.5172,28.6496,8746000
2025-01-27 03:00:00,28.6496,29.3998,28.5172,29.338,20227700
2025-01-28 03:00:00,29.338,29.5234,29.0997,29.391,14337600
2025-01-29 03:00:00,29.5146,29.6117,29.3027,29.3204,12052900
2025-01-30 03:00:00,29.3292,30.1677,29.3292,30.0353,26222300
2025-01-31 03:00:00,30.1412,30.203,29.8411,29.8411,18034400
2025-02-03 03:00:00,29.7264,29.8235,29.338,29.5499,22663200
2025-02-04 03:00:00,29.4793,29.9117,29.3204,29.6558,20436600
2025-02-05 03:00:00,29.85,30.3707,29.7882,30.1059,40025300
2025-02-06 03:00:00,29.391,30.353,29.0821,30.1589,38874300
2025-02-07 03:00:00,30.2648,30.4237,29.744,29.9382,35378300
2025-02-10 03:00:00,30.0618,30.4854,30.0177,30.2648,37676100
2025-02-11 03:00:00,30.3619,30.8032,30.3619,30.5825,31343700
2025-02-12 03:00:00,30.3619,30.5472,29.594,29.7352,30283800
2025-02-13 03:00:00,29.7529,29.9206,29.6117,29.8941,13388200
2025-02-14 03:00:00,30.0971,30.8032,30.053,30.6884,29608200
2025-02-17 03:00:00,30.7855,31.1562,30.7502,30.7502,17856700
2025-02-18 03:00:00,29.3998,29.4351,29.0026,29.3027,30598700
2025-02-19 03:00:00,29.1703,29.1968,28.9056,29.0291,22503900
2025-02-20 03:00:00,29.0291,29.1615,28.8173,28.9497,15839700
2025-02-21 03:00:00,28.9232,28.9585,28.7202,28.8614,30328600
2025-02-24 03:00:00,29.0115,29.0997,28.526,28.7026,25612900
2025-02-25 03:00:00,28.932,29.2498,28.7996,28.9938,26184800
2025-02-26 03:00:00,29.2586,29.2851,28.9056,28.9232,21612500
2025-02-27 03:00:00,29.0997,29.2321,28.8967,28.8967,20728500
2025-02-28 03:00:00,28.8967,29.0468,28.1906,28.1906,35319200
2025-03-05 03:00:00,28.6055,28.7467,28.2436,28.5966,25952500
2025-03-06 03:00:00,28.5966,28.8879,28.429,28.6496,18606900
2025-03-07 03:00:00,28.579,29.0556,28.4643,28.7732,20645900
2025-03-10 03:00:00,28.6408,29.0291,28.4731,29.0291,27680400
2025-03-11 03:00:00,29.0821,29.0821,28.6055,28.7732,18539500
2025-03-12 03:00:00,28.8791,28.9497,28.6055,28.8614,17917700
2025-03-13 03:00:00,28.8614,29.4175,28.8085,29.3292,28844700
2025-03-14 03:00:00,29.4793,30.4943,29.4175,30.2824,31638000
2025-03-17 03:00:00,30.2648,31.2886,30.2295,31.1915,27108400
2025-03-18 03:00:00,31.3689,31.6408,31.2136,31.3592,29878800
2025-03-19 03:00:00,31.5534,31.6602,31.301,31.4369,24673900
2025-03-20 03:00:00,31.3884,31.6019,30.9223,31.1456,31200500
2025-03-21 03:00:00,31.1748,31.3592,31.0485,31.2136,47612800
2025-03-24 03:00:00,31.1456,31.3786,31.0097,31.2427,31882100
2025-03-25 03:00:00,31.3592,31.9903,31.3592,31.4951,19003900
2025-03-26 03:00:00,31.6019,31.6505,31.0291,31.1553,31903000
2025-03-27 03:00:00,31.2136,31.2621,31.0291,31.1942,28518400
2025-03-28 03:00:00,31.0485,31.2039,30.5534,30.767,22271400
2025-03-31 03:00:00,30.6796,30.6796,30.1845,30.4951,25378000
2025-04-01 03:00:00,30.4757,30.7476,30.2621,30.4854,12377800
2025-04-02 03:00:00,30.4563,30.699,30.2718,30.4951,11794000
2025-04-03 03:00:00,30.2427,31.2621,30.1845,31.0388,31919100
2025-04-04 03:00:00,30.6602,30.8155,30.0097,30.233,31635600
2025-04-07 03:00:00,30.0,30.7087,29.6505,30.2913,32292300
2025-04-08 03:00:00,30.6214,30.8447,30.0874,30.301,36022000
2025-04-09 03:00:00,30.0971,31.4078,29.9223,30.8544,36802300
2025-04-10 03:00:00,30.7379,31.1068,30.2233,30.7282,35288600
2025-04-11 03:00:00,30.835,31.1942,30.5243,30.8835,27520100
2025-04-14 03:00:00,31.2233,31.5728,31.0388,31.3884,26240000
2025-04-15 03:00:00,31.3495,31.835,31.2621,31.7864,24967200
2025-04-16 03:00:00,31.6505,31.9612,31.5534,31.7379,31486700
2025-04-17 03:00:00,31.6214,31.8738,31.4175,31.7961,19903500
2025-04-22 03:00:00,31.7476,32.5631,31.6699,32.4175,20994900
2025-04-23 03:00:00,32.7087,33.1748,32.5728,33.0971,27257100
2025-04-24 03:00:00,33.1553,33.7961,33.0777,33.7379,26895100
2025-04-25 03:00:00,33.7379,33.9515,33.4951,33.6117,31760000
2025-04-28 03:00:00,33.6019,34.0485,33.466,33.9709,15208100
2025-04-29 03:00:00,33.9806,34.3883,33.835,34.2427,24481400
2025-04-30 03:00:00,34.0291,34.6408,34.0097,34.5437,31480200
2025-05-02 03:00:00,34.3883,34.6408,33.7379,34.4369,38043100
2025-05-05 03:00:00,34.2233,34.3592,33.7379,33.8252,27611800
2025-05-06 03:00:00,33.8058,33.8641,33.4175,33.6505,17255400
2025-05-07 03:00:00,33.9029,34.1165,33.7184,34.0194,13397900
2025-05-08 03:00:00,34.5631,34.9515,34.1165,34.2913,33186100
2025-05-09 03:00:00,35.3398,36.165,34.7476,36.1456,58004500
2025-05-12 03:00:00,36.3495,36.3495,35.1942,35.4175,26894900
2025-05-13 03:00:00,35.6117,36.0291,35.4563,35.8544,24635200
2025-05-14 03:00:00,35.8641,36.2524,35.7379,36.0971,17869500
2025-05-15 03:00:00,36.2718,36.6699,36.1359,36.5825,26350700
2025-05-16 03:00:00,36.5825,36.8932,36.2816,36.7961,29631900
2025-05-19 03:00:00,36.7184,37.466,36.6117,37.233,24323000
2025-05-20 03:00:00,37.2621,37.2621,36.7573,37.1845,17978200
2025-05-21 03:00:00,37.0777,37.0874,36.1359,36.4369,20216400
2025-05-22 03:00:00,36.5437,36.6408,36.0583,36.1845,22889800
2025-05-23 03:00:00,35.534,36.6214,35.301,36.6214,20121700
2025-05-26 03:00:00,36.5243,37.1359,36.4466,36.699,6500400
2025-05-27 03:00:00,37.1845,37.4951,36.767,36.9903,14716300
2025-05-28 03:00:00,36.9709,37.0388,36.6019,36.6893,14548200
2025-05-29 03:00:00,36.5631,36.8544,36.2621,36.3981,17515300
2025-05-30 03:00:00,36.534,36.6214,36.0097,36.3398,31193800
2025-06-02 03:00:00,36.5728,36.6602,35.9515,36.068,23075800
2025-06-03 03:00:00,35.932,36.068,35.7087,35.9515,23511000
2025-06-04 03:00:00,36.0874,36.2039,35.6019,35.8641,17266700
2025-06-05 03:00:00,35.9223,35.9223,35.3204,35.4272,24798200
2025-06-06 03:00:00,35.4078,35.6796,35.2427,35.5146,18187600
2025-06-09 03:00:00,35.4078,35.5631,34.8252,35.3301,23946500
2025-06-10 03:00:00,35.4369,35.5146,34.9223,34.9515,20363600
2025-06-11 03:00:00,34.9223,35.5243,34.699,35.2718,16180000
2025-06-12 03:00:00,35.0388,35.7573,35.0097,35.5437,21869400
2025-06-13 03:00:00,35.1165,35.2913,34.8641,35.1165,14389900
2025-06-16 03:00:00,35.466,36.1359,35.4563,35.7573,17353400
2025-06-17 03:00:00,35.9126,36.0097,35.699,35.9709,19547100
2025-06-18 03:00:00,35.8544,36.0,35.6408,35.7573,19694400
2025-06-20 03:00:00,35.4563,35.6019,35.3301,35.5728,21203800
2025-06-23 03:00:00,35.5728,35.5728,35.0971,35.4951,14282900
2025-06-24 03:00:00,35.6505,36.4854,35.5146,36.165,20137900
2025-06-25 03:00:00,36.0194,36.0583,35.3786,35.5146,19790900
2025-06-26 03:00:00,35.5631,35.7184,35.1456,35.2524,23026900
2025-06-27 03:00:00,34.9515,35.301,34.8932,35.2136,13811100
2025-06-30 03:00:00,35.0971,35.8835,34.8738,35.8738,29818100
2025-07-01 03:00:00,35.8544,36.0874,35.7379,36.0194,18167000
2025-07-02 03:00:00,36.0194,36.1942,35.4854,35.7282,19739300
2025-07-03 03:00:00,35.767,36.699,35.767,36.6117,13539000
2025-07-04 03:00:00,36.6019,36.8835,36.4854,36.6311,7307700
2025-07-07 03:00:00,36.6408,36.6796,36.068,36.1456,13471000
2025-07-08 03:00:00,36.0777,36.233,35.8252,36.0583,20899600
2025-07-09 03:00:00,36.0,36.0097,35.2039,35.3107,15624400
2025-07-10 03:00:00,34.8544,34.8544,34.2136,34.2233,38419300
2025-07-11 03:00:00,34.1262,34.1748,33.7184,33.9417,41877100
2025-07-14 03:00:00,33.9126,34.0097,33.5049,33.8835,25888400
2025-07-15 03:00:00,33.8835,34.1942,33.6796,34.0,26559500
2025-07-16 03:00:00,34.068,34.2718,33.8641,34.165,26849800
2025-07-17 03:00:00,34.1845,34.7961,34.165,34.6796,24842500
2025-07-18 03:00:00,34.3883,34.6796,33.9709,34.0485,31288500
2025-07-21 03:00:00,34.0291,34.5437,33.9903,34.4466,11994700
2025-07-22 03:00:00,34.466,34.699,33.9223,33.9806,22650800
2025-07-23 03:00:00,33.9417,34.4951,33.8447,34.3592,12885400
2025-07-24 03:00:00,34.2427,34.2427,33.835,34.0388,11126300
2025-07-25 03:00:00,34.0097,34.4563,34.0097,34.1845,17978100
2025-07-28 03:00:00,34.2524,34.2913,33.1553,33.466,17329500
2025-07-29 03:00:00,33.4369,33.8447,33.3689,33.6602,16170700
2025-07-30 03:00:00,33.5049,34.233,33.3107,34.0485,18962900
2025-07-31 03:00:00,33.6699,34.1942,33.6311,34.1359,21361000
2025-08-01 03:00:00,34.5631,34.7184,33.7282,33.9126,16018100
2025-08-04 03:00:00,34.4078,34.5243,34.0097,34.2718,16922400
2025-08-05 03:00:00,34.1942,34.8835,34.0388,34.6505,48243500
2025-08-06 03:00:00,35.233,36.068,35.0485,35.0874,39958600
2025-08-07 03:00:00,35.1845,35.932,35.0583,35.7087,26104200
2025-08-08 03:00:00,35.7184,36.068,35.6796,35.9515,17792600
2025-08-11 03:00:00,35.7379,36.2816,35.6699,36.1748,22034200
2025-08-12 03:00:00,36.3689,37.1553,36.301,36.9223,27002700
2025-08-13 03:00:00,36.8155,37.0097,36.5534,36.5728,21959700
2025-08-14 03:00:00,36.2621,36.8932,36.1942,36.5243,26037600
2025-08-15 03:00:00,36.3981,36.7282,36.2621,36.3981,18958700
2025-08-18 03:00:00,36.5049,36.9515,36.4175,36.6602,21027800
2025-08-19 03:00:00,35.835,35.8447,34.8447,35.2524,39629100
2025-08-20 03:00:00,35.2136,35.466,35.0,35.2718,16402800
2025-08-21 03:00:00,35.0,35.3689,34.9417,35.3107,15677300
2025-08-22 03:00:00,35.4369,36.3301,35.3301,36.301,31670400
2025-08-25 03:00:00,36.3883,36.4854,36.0291,36.1165,10741800
2025-08-26 03:00:00,36.165,36.2039,35.4854,35.8738,21444900
2025-08-27 03:00:00,35.7282,36.4951,35.5825,36.4757,12245600
2025-08-28 03:00:00,36.7379,37.5922,36.6214,37.233,24434900
2025-08-29 03:00:00,37.3495,37.5243,37.2039,37.3689,31651400
2025-09-01 03:00:00,37.466,37.932,37.3689,37.6505,14430300
2025-09-02 03:00:00,37.0388,37.3592,36.8544,37.0097,23649200
2025-09-03 03:00:00,37.0097,37.1748,36.534,36.6893,20083600
2025-09-04 03:00:00,36.6796,37.233,36.4175,36.835,15414800
2025-09-05 03:00:00,37.2039,37.6893,36.9806,37.2427,15207900
2025-09-08 03:00:00,37.2427,37.2913,36.6699,37.068,11456500
2025-09-09 03:00:00,37.2524,37.2524,36.699,36.7476,18929300
2025-09-10 03:00:00,36.7573,37.233,36.699,36.7767,14094300
2025-09-11 03:00:00,36.9417,37.6117,36.8447,36.8447,17552400
2025-09-12 03:00:00,36.6214,36.6602,36.1748,36.2913,21927200
2025-09-15 03:00:00,36.4175,37.068,36.3204,36.8932,13782700
2025-09-16 03:00:00,37.0777,37.1359,36.5728,36.7961,19411200
2025-09-17 03:00:00,36.8252,37.7087,36.7573,37.3204,24491600
2025-09-18 03:00:00,37.3204,37.4272,37.0485,37.3689,14983500
2025-09-19 03:00:00,37.3786,37.8641,37.3301,37.8641,25925100
2025-09-22 03:00:00,37.6019,37.7282,37.165,37.3204,17791300
2025-09-23 03:00:00,37.3495,38.0971,37.3495,37.9126,16437000
2025-09-24 03:00:00,37.9223,38.0,37.5825,37.6602,18168400
2025-09-25 03:00:00,37.6796,37.8835,37.3495,37.3592,14705600
2025-09-26 03:00:00,37.4175,37.7282,37.3689,37.5437,12398400
2025-09-29 03:00:00,37.9417,38.2136,37.7282,37.7573,18567400
2025-09-30 03:00:00,38.2524,38.3495,37.5922,37.932,32294600
2025-10-01 03:00:00,38.1165,38.2621,37.1845,37.233,24775900
2025-10-02 03:00:00,37.301,37.5728,36.7864,36.8252,16596700
2025-10-03 03:00:00,36.8058,37.0971,36.6214,37.0971,17249500
2025-10-06 03:00:00,37.0874,37.1359,36.6699,36.6699,14400300
2025-10-07 03:00:00,36.6214,36.6311,35.8932,36.0874,20102400
2025-10-08 03:00:00,36.165,36.3592,35.9709,36.1553,14946800
2025-10-09 03:00:00,36.3301,36.3301,35.8835,36.0971,17541300
2025-10-10 03:00:00,36.2816,36.466,35.9515,36.0583,22572600
2025-10-13 03:00:00,36.1942,36.4369,36.1942,36.2039,7956300
2025-10-14 03:00:00,36.1068,36.7379,36.1068,36.3592,20538700
2025-10-15 03:00:00,36.233,36.6019,35.9806,36.3592,21332200
2025-10-16 03:00:00,36.233,36.699,36.0194,36.2718,15386000
2025-10-17 03:00:00,36.068,36.5243,35.932,36.3981,16960400
2025-10-20 03:00:00,36.5243,37.233,36.4854,37.0485,18557300
2025-10-21 03:00:00,37.0485,37.1165,36.6699,36.699,13605700
2025-10-22 03:00:00,36.8252,37.0,36.6408,37.0,13485800
2025-10-23 03:00:00,37.1359,37.2233,36.7767,36.9709,11099600
2025-10-24 03:00:00,37.2621,37.3981,36.8738,36.9223,9873400
2025-10-27 03:00:00,37.2039,37.4854,37.0777,37.233,10868300
2025-10-28 03:00:00,37.1262,37.3592,37.0777,37.3592,10173300
2025-10-29 03:00:00,37.4272,38.3592,37.4272,38.1942,26442200
2025-10-30 03:00:00,38.1262,38.5243,37.8835,38.1456,18113600
2025-10-31 03:00:00,38.2913,38.4757,38.1748,38.2913,15970600
2025-11-03 03:00:00,38.7379,38.9612,38.3981,38.9126,17444800
2025-11-04 03:00:00,38.8835,39.0,38.6505,38.7961,19792700
2025-11-05 03:00:00,38.3204,38.9903,38.1553,38.9612,35251600
2025-11-06 03:00:00,38.9223,39.6019,38.8447,38.9612,22550000
2025-11-07 03:00:00,38.9612,39.0291,38.6117,39.0,12320900
2025-11-10 03:00:00,39.1748,39.3398,39.0485,39.2621,16070300
2025-11-11 03:00:00,39.4175,40.165,39.2621,40.0194,36203100
2025-11-12 03:00:00,40.0194,40.1456,38.9612,39.1068,35717600
2025-11-13 03:00:00,39.2816,39.8544,39.0097,39.2621,32705800
2025-11-14 03:00:00,39.2427,39.4951,39.0388,39.4175,16363100
2025-11-17 03:00:00,39.4175,39.5146,39.0194,39.1262,42704000
2025-11-18 03:00:00,38.7864,39.1748,38.7379,38.932,16647900
2025-11-19 03:00:00,38.8835,39.0291,38.5825,38.6893,25016200
2025-11-21 03:00:00,38.6893,38.8641,38.3981,38.8058,16005700
2025-11-24 03:00:00,38.7573,39.0,38.5631,38.6602,28169900
2025-11-25 03:00:00,38.835,39.0485,38.5728,38.7476,29462100
2025-11-26 03:00:00,38.932,39.7184,38.8058,39.6602,21603200
2025-11-27 03:00:00,39.4757,39.6893,39.3981,39.5243,9193600
2025-11-28 03:00:00,40.068,40.6893,40.0,40.4272,43975700
2025-12-01 03:00:00,40.4951,40.534,39.9515,40.0971,15449500
2025-12-02 03:00:00,40.2524,40.9903,40.233,40.9903,20558900
2025-12-03 03:00:00,41.068,41.2233,40.699,40.9903,22485100
2025-12-04 03:00:00,41.1262,42.0,41.1165,42.0,22523800
2025-12-05 03:00:00,42.0485,42.1359,39.9515,40.0583,38654800
2025-12-08 03:00:00,40.7282,40.8544,40.0194,40.2524,39280000
2025-12-09 03:00:00,40.165,40.2913,39.5437,40.165,24004900
2025-12-10 03:00:00,38.0583,38.4854,37.7573,38.2913,24896300
2025-12-11 03:00:00,38.2524,38.6019,38.0777,38.2621,20655600
2025-12-12 03:00:00,38.5437,38.8932,38.2039,38.6019,17070900
2025-12-15 03:00:00,39.0097,39.3981,38.7379,39.1845,17250300
2025-12-16 03:00:00,38.9903,39.0388,38.1748,38.1748,19785600
2025-12-17 03:00:00,37.9612,38.1942,37.6214,37.835,30703900
2025-12-18 03:00:00,37.6893,38.1165,37.6893,38.0291,21261000
2025-12-19 03:00:00,38.2039,38.835,38.0485,38.3786,34393400
2025-12-22 03:00:00,38.3204,38.5631,38.1456,38.4563,15396800
2025-12-23 03:00:00,38.6408,39.1748,38.5825,39.0874,10184600
2025-12-26 03:00:00,39.02,39.22,38.71,39.1,12196300
2025-12-29 03:00:00,39.18,39.27,38.86,38.98,10657000
2025-12-30 03:00:00,39.23,39.67,39.15,39.23,13764900
2026-01-02 03:00:00,39.63,39.77,39.15,39.15,18846800
2026-01-05 03:00:00,39.24,40.14,39.06,39.72,24438700
2026-01-06 03:00:00,40.09,40.48,39.96,39.96,21959800
2026-01-07 03:00:00,39.9,39.98,39.19,39.32,20894500
2026-01-08 03:00:00,39.35,40.09,39.23,39.93,17209400
2026-01-09 03:00:00,39.93,40.29,39.77,39.85,17023600
2026-01-12 03:00:00,39.85,39.91,39.49,39.49,10672200
2026-01-13 03:00:00,39.47,39.57,39.17,39.17,17397400
2026-01-14 03:00:00,39.47,39.66,39.22,39.6,21222100
2026-01-15 03:00:00,39.8,40.22,39.66,39.94,19093500
2026-01-16 03:00:00,39.97,40.09,39.46,39.61,19742500
2026-01-19 03:00:00,39.72,39.87,39.53,39.55,7190900
2026-01-20 03:00:00,39.35,40.09,39.07,39.92,20693900
2026-01-21 03:00:00,40.27,41.77,40.24,41.67,39510800
2026-01-22 03:00:00,41.96,43.57,41.9,43.08,42959700
2026-01-23 03:00:00,43.19,43.91,43.04,43.57,41025100
2026-01-26 03:00:00,43.51,44.34,43.28,44.15,25371700
2026-01-27 03:00:00,44.78,46.07,44.69,45.32,40277700
2026-01-28 03:00:00,45.64,46.42,45.63,46.34,36337500
2026-01-29 03:00:00,46.68,47.05,45.65,46.15,36252700
2026-01-30 03:00:00,46.11,46.39,44.97,45.5,38051600
2026-02-02 03:00:00,45.79,46.1,45.43,45.88,28095400
2026-02-03 03:00:00,46.3,46.98,45.89,46.14,48570600
2026-02-04 03:00:00,45.9,45.98,44.04,44.62,48683500
2026-02-05 03:00:00,45.24,45.88,44.74,45.52,36014400
2026-02-06 03:00:00,45.59,46.94,45.11,46.75,38153800
2026-02-09 03:00:00,47.0,48.4,46.74,48.31,41656900
2026-02-10 03:00:00,48.31,49.19,48.19,48.42,43939300
2026-02-11 03:00:00,48.8,49.67,48.6,49.37,45818300
2026-02-12 03:00:00,49.05,49.1,47.87,48.24,42023800
2026-02-13 03:00:00,48.07,48.07,46.6,47.77,32349600
2026-02-18 03:00:00,48.07,48.42,47.52,47.99,23368500
2026-02-19 03:00:00,48.1,49.17,47.93,48.55,32026400
2026-02-20 03:00:00,48.05,49.29,48.02,49.23,31655900
2026-02-23 03:00:00,48.8,48.89,47.29,47.45,34148200
2026-02-24 03:00:00,47.64,48.35,47.25,48.17,38465900
2026-02-25 03:00:00,48.34,48.5,47.07,47.79,28980200
2026-02-26 03:00:00,47.79,48.15,47.16,47.67,26516600
2026-02-27 03:00:00,47.6,47.62,46.28,46.78,44765800
2026-03-02 03:00:00,45.83,46.33,45.58,45.92,47144000
2026-03-03 03:00:00,44.22,44.87,43.44,44.38,54352300
2026-03-04 03:00:00,45.24,45.49,44.52,45.01,27146100
2026-03-05 03:00:00,44.8,45.0,43.33,43.51,37085400
2026-03-06 03:00:00,43.46,43.59,42.65,42.93,26063600
2026-03-09 03:00:00,42.52,43.28,42.35,43.16,40970400
2026-03-10 03:00:00,43.58,44.2,42.82,43.8,50383100
2026-03-11 03:00:00,43.27,44.44,43.2,43.89,18482600
2026-03-12 03:00:00,43.09,43.22,42.3,42.69,27095200
2026-03-13 03:00:00,42.83,43.35,42.33,42.4,24894900
2026-03-16 03:00:00,43.25,43.47,42.85,43.0,17777300
2026-03-17 03:00:00,42.9,43.38,42.27,42.71,22436600
2026-03-18 03:00:00,42.5,43.04,42.27,42.28,23872800
2026-03-19 03:00:00,41.7,42.6,41.37,42.58,32908000
2026-03-20 03:00:00,42.11,42.27,41.2,41.55,37660400
2026-03-23 03:00:00,42.54,43.14,42.06,42.78,27535500
2026-03-24 03:00:00,42.5,42.81,41.96,42.54,18609000
2026-03-25 03:00:00,43.15,43.5,42.85,43.1,35148900
2026-03-26 03:00:00,42.69,42.84,41.94,41.94,18260900
2026-03-27 03:00:00,41.81,41.81,41.18,41.45,27910700
2026-03-30 03:00:00,42.0,42.06,41.23,41.6,18528100
2026-03-31 03:00:00,42.29,43.64,42.15,43.48,33419700
2026-04-01 03:00:00,43.84,44.28,43.5,43.83,26681100
2026-04-02 03:00:00,42.62,44.01,42.47,43.3,17811800
2026-04-03 03:00:00,42.62,44.01,42.47,43.3,17811800
2026-04-06 03:00:00,42.62,44.01,42.47,43.49,11004600
2026-04-07 03:00:00,43.35,43.74,42.64,43.46,20302000
2026-04-08 03:00:00,43.3,45.73,42.64,44.98,35777600
2026-04-09 03:00:00,45.7,45.96,44.7,45.75,22162900
2026-04-10 03:00:00,45.2,46.38,44.99,46.07,29665200
2026-04-13 03:00:00,45.83,46.38,45.24,45.83,31011600
2026-04-14 03:00:00,45.76,46.84,45.24,46.53,23343300
2026-04-15 03:00:00,46.0,47.41,45.85,47.04,28907200
2026-04-16 03:00:00,46.37,47.47,46.37,46.98,22566300
2026-04-17 03:00:00,47.27,47.9,46.52,46.8,39139200
2026-04-20 03:00:00,47.5,47.9,46.23,46.37,19194500
2026-04-21 03:00:00,46.8,47.03,46.23,46.37,19194500
2026-04-22 03:00:00,46.8,47.03,44.98,45.03,25440000
2026-04-23 03:00:00,46.26,46.26,44.12,44.18,20444200
2026-04-24 03:00:00,44.9,45.12,43.89,44.37,18227700
2026-04-27 03:00:00,44.46,44.56,43.89,43.99,13718400
2026-04-28 03:00:00,44.5,44.61,43.2,44.1,27131800
2026-04-29 03:00:00,43.68,44.61,42.76,42.87,18628100
2026-04-30 03:00:00,43.85,44.01,42.76,43.19,22507800
2026-05-01 03:00:00,43.32,43.56,43.13,43.19,22735500
